insert into Country (idCountry, name) values (1,'Russia');
insert into Country (idCountry, name) values (2,'Portugal');
insert into Country (idCountry, name) values (3,'Thailand');
insert into Country (idCountry, name) values (4,'Indonesia');
insert into Country (idCountry, name) values (5,'Guatemala');
insert into Country (idCountry, name) values (6,'Sweden');
insert into Country (idCountry, name) values (7,'Nigeria');
insert into Country (idCountry, name) values (8,'Spain');
insert into Country (idCountry, name) values (9,'France');
insert into Country (idCountry, name) values (10,'China');
insert into Country (idCountry, name) values (11,'Cyprus');
insert into Country (idCountry, name) values (12,'Greece');
insert into Country (idCountry, name) values (13,'Costa Rica');
insert into Country (idCountry, name) values (14,'Iran');
insert into Country (idCountry, name) values (15,'Colombia');
insert into Country (idCountry, name) values (16,'Canada');
insert into Country (idCountry, name) values (17,'Philippines');
insert into Country (idCountry, name) values (18,'Puerto Rico');
insert into Country (idCountry, name) values (19,'Angola');
insert into Country (idCountry, name) values (20,'Poland');
insert into Actor (idActor, name) values (1, 'Jean Coleman');
insert into Actor (idActor, name) values (2, 'Jessica Cole');
insert into Actor (idActor, name) values (3, 'Phyllis Murray');
insert into Actor (idActor, name) values (4, 'Jeffrey Simpson');
insert into Actor (idActor, name) values (5, 'Harry Ruiz');
insert into Actor (idActor, name) values (6, 'Sharon Duncan');
insert into Actor (idActor, name) values (7, 'Willie Carter');
insert into Actor (idActor, name) values (8, 'Sara Burns');
insert into Actor (idActor, name) values (9, 'Alice Russell');
insert into Actor (idActor, name) values (10, 'Carolyn Fox');
insert into Actor (idActor, name) values (11, 'Joseph Palmer');
insert into Actor (idActor, name) values (12, 'Eugene Chavez');
insert into Actor (idActor, name) values (13, 'Matthew Miller');
insert into Actor (idActor, name) values (14, 'Juan Davis');
insert into Actor (idActor, name) values (15, 'Debra Hill');
insert into Actor (idActor, name) values (16, 'Lois Scott');
insert into Actor (idActor, name) values (17, 'Pamela Butler');
insert into Actor (idActor, name) values (18, 'Julia Welch');
insert into Actor (idActor, name) values (19, 'Michelle West');
insert into Actor (idActor, name) values (20, 'Todd Fields');
insert into Show (idShow, name, usualAirtime, network, rating, genre) values (1, 'Game of Thrones', '1255', 'Avamba', 1.5, 'Action, Drama');
insert into Show (idShow, name, usualAirtime, network, rating, genre) values (2, 'House of Cards', '0559', 'Jabbersphere', 1.1, 'Suspense, Horror');
insert into Show (idShow, name, usualAirtime, network, rating, genre) values (3, 'Samurai Jack', '0142', 'Jetwire', 4.8, 'Family, Comedy');
insert into Show (idShow, name, usualAirtime, network, rating, genre) values (4, 'Rick and Morty', '1119', 'Netflix', 5.0, 'Animation, Science-Fiction');
insert into Show (idShow, name, usualAirtime, network, rating, genre) values (5, 'Stranger Things', '0152', 'Trilia', 3.8, 'Fantasy, Science-Fiction');
insert into Show (idShow, name, usualAirtime, network, rating, genre) values (6, 'Sherlock', '0655', 'Feedfire', 0.8, 'Crime, Mystery');
insert into Show (idShow, name, usualAirtime, network, rating, genre) values (7, 'Through the Wormhole', '1237', 'Avamba', 2.8, 'Documentary');
insert into Show (idShow, name, usualAirtime, network, rating, genre) values (8, 'Westworld', '1148', 'Oba', 4.8, 'Western, Thriller, Drama');
insert into Show (idShow, name, usualAirtime, network, rating, genre) values (9, 'Marvels Iron Fist', '0644', 'Oodoo', 3.8, 'Romance, Science-Fiction');
insert into Show (idShow, name, usualAirtime, network, rating, genre) values (10, 'Family Guy', '0344', 'Netflix', 4.8, 'Animation, Comedy');
insert into Show (idShow, name, usualAirtime, network, rating, genre) values (11, 'A Series of Unfortunate Events', '0909', 'Eidel', 4.8, 'Animation, Horror');
insert into Show (idShow, name, usualAirtime, network, rating, genre) values (12, 'Marvels Agents of S.H.I.E.L.D', '0720', 'Tazzy', 0.8, 'Drama, Comedy');
insert into Show (idShow, name, usualAirtime, network, rating, genre) values (13, '13 Reasons Why', '0148', 'Youspan', 2.8, 'Action, Adventure');
insert into Show (idShow, name, usualAirtime, network, rating, genre) values (14, 'Preacher', '0942', 'Jabbertype', 1.8, 'Horror, Thriller');
insert into Show (idShow, name, usualAirtime, network, rating, genre) values (15, 'Narcos', '0824', 'Plambee', 2.8, 'Adventure');
insert into Show (idShow, name, usualAirtime, network, rating, genre) values (16, 'Scorpion', '1048', 'Cogidoo', 2.8, 'Comedy');
insert into Show (idShow, name, usualAirtime, network, rating, genre) values (17, 'The Crown', '0850', 'Yozio', 3.8, 'Thriller, Adventure');
insert into Show (idShow, name, usualAirtime, network, rating, genre) values (18, 'The Last Man on Earth', '0532', 'Linklinks', 0.8, 'Action');
insert into Show (idShow, name, usualAirtime, network, rating, genre) values (19, 'Friends', '0125', 'Riffpath', 0.8, 'Comedy, Animation');
insert into Show (idShow, name, usualAirtime, network, rating, genre) values (20, 'BoJack Horseman', '0612', 'Mita', 1.8, 'Drama');
insert into Season (idSeason, nSeason, idShow) values (1, 2, 1);
insert into Season (idSeason, nSeason, idShow) values (2, 2, 2);
insert into Season (idSeason, nSeason, idShow) values (3, 1, 3);
insert into Season (idSeason, nSeason, idShow) values (4, 2, 4);
insert into Season (idSeason, nSeason, idShow) values (5, 1, 5);
insert into Season (idSeason, nSeason, idShow) values (6, 2, 6);
insert into Season (idSeason, nSeason, idShow) values (7, 1, 7);
insert into Season (idSeason, nSeason, idShow) values (8, 2, 8);
insert into Season (idSeason, nSeason, idShow) values (9, 1, 9);
insert into Season (idSeason, nSeason, idShow) values (10, 1, 10);
insert into Season (idSeason, nSeason, idShow) values (11, 1, 11);
insert into Season (idSeason, nSeason, idShow) values (12, 1, 12);
insert into Season (idSeason, nSeason, idShow) values (13, 2, 13);
insert into Season (idSeason, nSeason, idShow) values (14, 1, 14);
insert into Season (idSeason, nSeason, idShow) values (15, 2, 15);
insert into Season (idSeason, nSeason, idShow) values (16, 1, 16);
insert into Season (idSeason, nSeason, idShow) values (17, 2, 17);
insert into Season (idSeason, nSeason, idShow) values (18, 1, 18);
insert into Season (idSeason, nSeason, idShow) values (19, 2, 19);
insert into Season (idSeason, nSeason, idShow) values (20, 1, 20);
insert into Season (idSeason, nSeason, idShow) values (21, 2, 1);
insert into Season (idSeason, nSeason, idShow) values (22, 2, 2);
insert into Season (idSeason, nSeason, idShow) values (23, 2, 13);
insert into Season (idSeason, nSeason, idShow) values (24, 2, 4);
insert into Season (idSeason, nSeason, idShow) values (25, 2, 15);
insert into Season (idSeason, nSeason, idShow) values (26, 2, 6);
insert into Season (idSeason, nSeason, idShow) values (27, 2, 17);
insert into Season (idSeason, nSeason, idShow) values (28, 2, 8);
insert into Season (idSeason, nSeason, idShow) values (29, 2, 19);
insert into Character (idCharacter, characterName, idActor, idShow) values (1, 'Victor Jordan', 4, 9);
insert into Character (idCharacter, characterName, idActor, idShow) values (2, 'Patrick Tucker', 9, 14);
insert into Character (idCharacter, characterName, idActor, idShow) values (3, 'Aaron Ward', 11, 3);
insert into Character (idCharacter, characterName, idActor, idShow) values (4, 'Marie Woods', 17, 2);
insert into Character (idCharacter, characterName, idActor, idShow) values (5, 'Stephanie Diaz', 19, 12);
insert into Character (idCharacter, characterName, idActor, idShow) values (6, 'Daniel Fuller', 15, 13);
insert into Character (idCharacter, characterName, idActor, idShow) values (7, 'Michael Burns', 20, 11);
insert into Character (idCharacter, characterName, idActor, idShow) values (8, 'Joe Burton', 11, 20);
insert into Character (idCharacter, characterName, idActor, idShow) values (9, 'Kelly Riley', 12, 12);
insert into Character (idCharacter, characterName, idActor, idShow) values (10, 'William Nelson', 4, 3);
insert into Character (idCharacter, characterName, idActor, idShow) values (11, 'Lisa Gonzales', 14, 5);
insert into Character (idCharacter, characterName, idActor, idShow) values (12, 'Marilyn Jackson', 8, 5);
insert into Character (idCharacter, characterName, idActor, idShow) values (13, 'Rebecca Rice', 18, 7);
insert into Character (idCharacter, characterName, idActor, idShow) values (14, 'Lillian Woods', 4, 16);
insert into Character (idCharacter, characterName, idActor, idShow) values (15, 'Laura Schmidt', 5, 9);
insert into Character (idCharacter, characterName, idActor, idShow) values (16, 'Timothy Dunn', 15, 15);
insert into Character (idCharacter, characterName, idActor, idShow) values (17, 'Aaron George', 1, 10);
insert into Character (idCharacter, characterName, idActor, idShow) values (18, 'Clarence Hill', 16, 12);
insert into Character (idCharacter, characterName, idActor, idShow) values (19, 'Michelle Davis', 4, 20);
insert into Character (idCharacter, characterName, idActor, idShow) values (20, 'Steve Freeman', 15, 20);
insert into User (idUser, username, birthday, gender, idCountry, userType) values (1, 'jthompson0', '2010/06/23', 'Female', 2, 1);
insert into User (idUser, username, birthday, gender, idCountry, userType) values (2, 'jdean1', '1967/11/15', 'Male', 2, 0);
insert into User (idUser, username, birthday, gender, idCountry, userType) values (3, 'lwoods2', '1975/01/28', 'Female', 3, 1);
insert into User (idUser, username, birthday, gender, idCountry, userType) values (4, 'jhenderson3', '2005/03/27', 'Female', 4, 1);
insert into User (idUser, username, birthday, gender, idCountry, userType) values (5, 'kburns4', '1942/05/22', 'Female', 7, 0);
insert into User (idUser, username, birthday, gender, idCountry, userType) values (6, 'jpowell5', '1971/01/28', 'Female', 8, 0);
insert into User (idUser, username, birthday, gender, idCountry, userType) values (7, 'wferguson6', '2012/12/17', 'Male', 9, 0);
insert into User (idUser, username, birthday, gender, idCountry, userType) values (8, 'spalmer7', '1952/09/12', 'Female', 9, 0);
insert into User (idUser, username, birthday, gender, idCountry, userType) values (9, 'dpierce8', '1940/04/09', 'Male', 8, 0);
insert into User (idUser, username, birthday, gender, idCountry, userType) values (10, 'rmcdonald9', '1986/04/29', 'Male', 2, 1);
insert into User (idUser, username, birthday, gender, idCountry, userType) values (11, 'ecarpentera', '1948/03/11', 'Male', 4, 1);
insert into User (idUser, username, birthday, gender, idCountry, userType) values (12, 'nfernandezb', '1949/11/22', 'Male', 6, 1);
insert into User (idUser, username, birthday, gender, idCountry, userType) values (13, 'lsanchezc', '1955/07/29', 'Male', 10, 1);
insert into User (idUser, username, birthday, gender, idCountry, userType) values (14, 'dharperd', '1954/06/06', 'Female', 20, 0);
insert into User (idUser, username, birthday, gender, idCountry, userType) values (15, 'psimse', '1970/04/06', 'Male', 18, 0);
insert into User (idUser, username, birthday, gender, idCountry, userType) values (16, 'wpetersf', '2005/12/18', 'Male', 13, 0);
insert into User (idUser, username, birthday, gender, idCountry, userType) values (17, 'wjacksong', '1954/12/24', 'Male', 14, 0);
insert into User (idUser, username, birthday, gender, idCountry, userType) values (18, 'wmedinah', '1971/11/26', 'Female', 17, 0);
insert into User (idUser, username, birthday, gender, idCountry, userType) values (19, 'pwebbi', '2006/08/21', 'Female', 2, 1);
insert into User (idUser, username, birthday, gender, idCountry, userType) values (20, 'tfreemanj', '1957/10/21', 'Female', 4, 0);
insert into PremiumUser (idUser) values (1);
insert into FreeUser (idUser) values (2);
insert into PremiumUser (idUser) values (3);
insert into PremiumUser (idUser) values (4);
insert into FreeUser (idUser) values (5);
insert into FreeUser (idUser) values (6);
insert into FreeUser (idUser) values (7);
insert into FreeUser (idUser) values (8);
insert into FreeUser (idUser) values (9);
insert into PremiumUser (idUser) values (10);
insert into PremiumUser (idUser) values (11);
insert into PremiumUser (idUser) values (12);
insert into PremiumUser (idUser) values (13);
insert into FreeUser (idUser) values (14);
insert into FreeUser (idUser) values (15);
insert into FreeUser (idUser) values (16);
insert into FreeUser (idUser) values (17);
insert into FreeUser (idUser) values (18);
insert into PremiumUser (idUser) values (19);
insert into FreeUser (idUser) values (20);
insert into Episode (idEpisode, epNumber, releaseDate, idSeason) values (1, 4, '2001-04-19', 12);
insert into Episode (idEpisode, epNumber, releaseDate, idSeason) values (2, 50, '2011-08-19', 2);
insert into Episode (idEpisode, epNumber, releaseDate, idSeason) values (3, 39, '2002-03-01', 19);
insert into Episode (idEpisode, epNumber, releaseDate, idSeason) values (4, 38, '2016-09-28', 7);
insert into Episode (idEpisode, epNumber, releaseDate, idSeason) values (5, 18, '2007-09-29', 14);
insert into Episode (idEpisode, epNumber, releaseDate, idSeason) values (6, 11, '2013-03-27', 10);
insert into Episode (idEpisode, epNumber, releaseDate, idSeason) values (7, 23, '2015-01-24', 12);
insert into Episode (idEpisode, epNumber, releaseDate, idSeason) values (8, 15, '2015-04-25', 19);
insert into Episode (idEpisode, epNumber, releaseDate, idSeason) values (9, 31, '2002-10-19', 18);
insert into Episode (idEpisode, epNumber, releaseDate, idSeason) values (10, 39, '2002-05-07', 3);
insert into Episode (idEpisode, epNumber, releaseDate, idSeason) values (11, 10, '2008-10-04', 5);
insert into Episode (idEpisode, epNumber, releaseDate, idSeason) values (12, 18, '2006-05-01', 7);
insert into Episode (idEpisode, epNumber, releaseDate, idSeason) values (13, 11, '2012-11-12', 7);
insert into Episode (idEpisode, epNumber, releaseDate, idSeason) values (14, 5, '2001-02-21', 5);
insert into Episode (idEpisode, epNumber, releaseDate, idSeason) values (15, 44, '2011-07-11', 2);
insert into Episode (idEpisode, epNumber, releaseDate, idSeason) values (16, 26, '2011-08-24', 2);
insert into Episode (idEpisode, epNumber, releaseDate, idSeason) values (17, 21, '2016-05-04', 10);
insert into Episode (idEpisode, epNumber, releaseDate, idSeason) values (18, 34, '2009-12-06', 13);
insert into Episode (idEpisode, epNumber, releaseDate, idSeason) values (19, 15, '2016-04-29', 7);
insert into Episode (idEpisode, epNumber, releaseDate, idSeason) values (20, 20, '2014-01-25', 16);
insert into Message (idMessage, content, msgDate, idUser1, idUser2) values (1, 'hey man', '1/4/2014', 7, 15);
insert into Message (idMessage, content, msgDate, idUser1, idUser2) values (2, 'oh boy oh boy', '16/5/2015', 3, 15);
insert into Message (idMessage, content, msgDate, idUser1, idUser2) values (3, 'what up?', '28/1/2021', 8, 15);
insert into Message (idMessage, content, msgDate, idUser1, idUser2) values (4, 'hey vsauce', '27/11/2000', 17, 8);
insert into Message (idMessage, content, msgDate, idUser1, idUser2) values (5, 'michael here', '3/4/2016', 7, 18);
insert into Message (idMessage, content, msgDate, idUser1, idUser2) values (6, 'Hello!', '13/11/2025', 2, 11);
insert into Message (idMessage, content, msgDate, idUser1, idUser2) values (7, 'Have you seen the latest episode?', '25/10/2001', 18, 2);
insert into Message (idMessage, content, msgDate, idUser1, idUser2) values (8, 'wow amazing!', '6/7/2002', 11, 14);
insert into Message (idMessage, content, msgDate, idUser1, idUser2) values (9, 'Where do you watch series?', '12/10/2000', 14, 13);
insert into Message (idMessage, content, msgDate, idUser1, idUser2) values (10, 'me me big boy', '15/5/2006', 5, 11);
insert into Message (idMessage, content, msgDate, idUser1, idUser2) values (11, 'What did you think?', '8/10/2002', 9, 1);
insert into Message (idMessage, content, msgDate, idUser1, idUser2) values (12, 'found this new show', '3/3/2014', 15, 5);
insert into Message (idMessage, content, msgDate, idUser1, idUser2) values (13, 'Nice comment', '21/10/2010', 3, 14);
insert into Message (idMessage, content, msgDate, idUser1, idUser2) values (14, ':D', '30/10/2007', 9, 19);
insert into Message (idMessage, content, msgDate, idUser1, idUser2) values (15, 'Nice!!!!', '19/7/2012', 10, 5);
insert into Message (idMessage, content, msgDate, idUser1, idUser2) values (16, 'Bloody good day to you', '2/6/2010', 13, 3);
insert into Message (idMessage, content, msgDate, idUser1, idUser2) values (17, 'hey hey hey', '1/10/2010', 1, 18);
insert into Message (idMessage, content, msgDate, idUser1, idUser2) values (18, 'well hello there', '5/1/2000', 14, 7);
insert into Message (idMessage, content, msgDate, idUser1, idUser2) values (19, 'that was a sad episode', '7/8/2009', 15, 11);
insert into Message (idMessage, content, msgDate, idUser1, idUser2) values (20, 'yup I agree :(', '22/10/2002', 14, 13);
insert into Comment (idComment, content, cmtDate, idUser, idEpisode) values (1, 'This episode was amazing!', '2002-2-12', 17, 10);
insert into Comment (idComment, content, cmtDate, idUser, idEpisode) values (2, 'I like how Lisa denied him so hard', '2009-9-7', 15, 19);
insert into Comment (idComment, content, cmtDate, idUser, idEpisode) values (3, 'I hope this show never ends', '2017-2-2', 18, 2);
insert into Comment (idComment, content, cmtDate, idUser, idEpisode) values (4, 'Meh, this episode wasnt very entertaining.', '2010-2-13', 9, 2);
insert into Comment (idComment, content, cmtDate, idUser, idEpisode) values (5, 'Ouch!...', '2000-8-6', 15, 9);
insert into Comment (idComment, content, cmtDate, idUser, idEpisode) values (6, 'Why did he have to die?!', '2003-6-16', 10, 6);
insert into Comment (idComment, content, cmtDate, idUser, idEpisode) values (7, 'Stephanie is so smart! I love it', '2015-9-24', 11, 9);
insert into Comment (idComment, content, cmtDate, idUser, idEpisode) values (8, 'Wow', '2020-4-13', 9, 18);
insert into Comment (idComment, content, cmtDate, idUser, idEpisode) values (9, 'How could she have done that?', '2008-4-17', 18, 3);
insert into Comment (idComment, content, cmtDate, idUser, idEpisode) values (10, 'What did you guys think of this one? I think it was kinda slow paced', '2005-2-5', 9, 18);
insert into Comment (idComment, content, cmtDate, idUser, idEpisode) values (11, 'Looking forward to the season finale!', '2010-1-1', 4, 13);
insert into Comment (idComment, content, cmtDate, idUser, idEpisode) values (12, 'I love those two working together!', '2016-5-7', 14, 7);
insert into Comment (idComment, content, cmtDate, idUser, idEpisode) values (13, 'I understood that reference!', '2002-12-15', 19, 13);
insert into Comment (idComment, content, cmtDate, idUser, idEpisode) values (14, 'The writer of this show is really good!', '2011-3-28', 7, 4);
insert into Comment (idComment, content, cmtDate, idUser, idEpisode) values (15, 'I cant believe the next episode is not until two months from now!', '2004-12-18', 4, 18);
insert into Comment (idComment, content, cmtDate, idUser, idEpisode) values (16, 'Yay, they got back together', '2001-3-30', 10, 5);
insert into Comment (idComment, content, cmtDate, idUser, idEpisode) values (17, 'Daisy is such a sweetheart', '2006-10-31', 2, 20);
insert into Comment (idComment, content, cmtDate, idUser, idEpisode) values (18, 'Damn, that was unexpected', '2005-1-29', 3, 7);
insert into Comment (idComment, content, cmtDate, idUser, idEpisode) values (19, 'I think this episode was poorly shot by the cameramen, there were a lot of shadows', '2004-10-8', 15, 5);
insert into Comment (idComment, content, cmtDate, idUser, idEpisode) values (20, 'The chemistry between the actors is outsanding!', '2002-3-24', 2, 3);
insert into Watched (toWatch, upcoming, idEpisode, idUser) values (0, 1, 20, 12);
insert into Watched (toWatch, upcoming, idEpisode, idUser) values (1, 0, 8, 6);
insert into Watched (toWatch, upcoming, idEpisode, idUser) values (1, 0, 12, 14);
insert into Watched (toWatch, upcoming, idEpisode, idUser) values (0, 1, 5, 15);
insert into Watched (toWatch, upcoming, idEpisode, idUser) values (0, 1, 3, 5);
insert into Watched (toWatch, upcoming, idEpisode, idUser) values (1, 0, 20, 17);
insert into Watched (toWatch, upcoming, idEpisode, idUser) values (0, 1, 9, 11);
insert into Watched (toWatch, upcoming, idEpisode, idUser) values (0, 1, 17, 5);
insert into Watched (toWatch, upcoming, idEpisode, idUser) values (1, 0, 11, 14);
insert into Watched (toWatch, upcoming, idEpisode, idUser) values (0, 1, 12, 13);
insert into Watched (toWatch, upcoming, idEpisode, idUser) values (1, 0, 11, 10);
insert into Watched (toWatch, upcoming, idEpisode, idUser) values (1, 0, 15, 3);
insert into Watched (toWatch, upcoming, idEpisode, idUser) values (1, 0, 16, 3);
insert into Watched (toWatch, upcoming, idEpisode, idUser) values (1, 0, 4, 13);
insert into Watched (toWatch, upcoming, idEpisode, idUser) values (0, 1, 1, 18);
insert into Watched (toWatch, upcoming, idEpisode, idUser) values (1, 0, 13, 18);
insert into Watched (toWatch, upcoming, idEpisode, idUser) values (0, 1, 3, 17);
insert into Watched (toWatch, upcoming, idEpisode, idUser) values (0, 1, 17, 6);
insert into Watched (toWatch, upcoming, idEpisode, idUser) values (1, 0, 11, 19);
insert into Watched (toWatch, upcoming, idEpisode, idUser) values (1, 0, 15, 1);
