.mode columns
.headers on
.nullvalue NULL

insert into Actor (idActor, name) values (1, 'Jean Coleman');
insert into Actor (idActor, name) values (2, 'Jessica Cole');
insert into Actor (idActor, name) values (3, 'Phyllis Murray');
insert into Actor (idActor, name) values (4, 'Jeffrey Simpson');
insert into Actor (idActor, name) values (5, 'Harry Ruiz');
insert into Actor (idActor, name) values (6, 'Sharon Duncan');
insert into Actor (idActor, name) values (7, 'Willie Carter');
insert into Actor (idActor, name) values (8, 'Sara Burns');
insert into Actor (idActor, name) values (9, 'Alice Russell');
insert into Actor (idActor, name) values (10, 'Carolyn Fox');
insert into Actor (idActor, name) values (11, 'Joseph Palmer');
insert into Actor (idActor, name) values (12, 'Eugene Chavez');
insert into Actor (idActor, name) values (13, 'Matthew Miller');
insert into Actor (idActor, name) values (14, 'Juan Davis');
insert into Actor (idActor, name) values (15, 'Debra Hill');
insert into Actor (idActor, name) values (16, 'Lois Scott');
insert into Actor (idActor, name) values (17, 'Pamela Butler');
insert into Actor (idActor, name) values (18, 'Julia Welch');
insert into Actor (idActor, name) values (19, 'Michelle West');
insert into Actor (idActor, name) values (20, 'Todd Fields');
insert into Show (idShow, name, usualAirtime, network, rating, genre) values (1, 'Franecki-Upton', '12:55 AM', 'Avamba', 1.5, 'Action, Drama');
insert into Show (idShow, name, usualAirtime, network, rating, genre) values (2, 'Kassulke, Treutel and Jacobson', '5:59 AM', 'Jabbersphere', 1.1, 'Suspense, Horror');
insert into Show (idShow, name, usualAirtime, network, rating, genre) values (3, 'Kuphal, Jones and Sawayn', '1:42 AM', 'Jetwire', 4.8, 'Family, Comedy');
insert into Show (idShow, name, usualAirtime, network, rating, genre) values (4, 'Harber, Friesen and Considine', '11:19 AM', 'Jaloo', 5.0, 'Animation, Science-Fiction');
insert into Show (idShow, name, usualAirtime, network, rating, genre) values (5, 'Schaden, Bailey and Ernser', '1:52 AM', 'Trilia', 3.8, 'Fantasy, Science-Fiction');
insert into Show (idShow, name, usualAirtime, network, rating, genre) values (6, 'Schmeler and Sons', '6:55 PM', 'Feedfire', 0.8, 'Crime, Mystery');
insert into Show (idShow, name, usualAirtime, network, rating, genre) values (7, 'Cassin and Sons', '12:37 AM', 'Avamba', 2.8, 'Documentary');
insert into Show (idShow, name, usualAirtime, network, rating, genre) values (8, 'Zboncak, Kuvalis and Olson', '11:48 PM', 'Oba', 4.8, 'Western, Thriller, Drama');
insert into Show (idShow, name, usualAirtime, network, rating, genre) values (9, 'Marvin, Swaniawski and Schaefer', '6:44 PM', 'Oodoo', 3.8, 'Romance, Science-Fiction');
insert into Show (idShow, name, usualAirtime, network, rating, genre) values (10, 'Wunsch, Bayer and Cole', '3:44 AM', 'Topicblab', 4.8, 'Animation, Comedy');
insert into Show (idShow, name, usualAirtime, network, rating, genre) values (11, 'Lebsack, Schmidt and Heidenreich', '9:09 AM', 'Eidel', 4.8, 'Animation, Horror');
insert into Show (idShow, name, usualAirtime, network, rating, genre) values (12, 'Price-Wiegand', '7:20 PM', 'Tazzy', 0.8, 'Drama, Comedy');
insert into Show (idShow, name, usualAirtime, network, rating, genre) values (13, 'Abernathy LLC', '1:48 AM', 'Youspan', 2.8, 'Action, Adventure');
insert into Show (idShow, name, usualAirtime, network, rating, genre) values (14, 'Parker LLC', '9:42 PM', 'Jabbertype', 1.8, 'Horror, Thriller');
insert into Show (idShow, name, usualAirtime, network, rating, genre) values (15, 'Hudson-Schiller', '8:24 AM', 'Plambee', 2.8, 'Adventure');
insert into Show (idShow, name, usualAirtime, network, rating, genre) values (16, 'Hermiston Group', '10:48 AM', 'Cogidoo', 2.8, 'Comedy');
insert into Show (idShow, name, usualAirtime, network, rating, genre) values (17, 'Moore and Sons', '8:50 PM', 'Yozio', 3.8, 'Thriller, Adventure');
insert into Show (idShow, name, usualAirtime, network, rating, genre) values (18, 'Satterfield-Feeney', '5:32 PM', 'Linklinks', 0.8, 'Action');
insert into Show (idShow, name, usualAirtime, network, rating, genre) values (19, 'Miller, Russel and O''Kon', '1:25 PM', 'Riffpath', 0.8, 'Comedy, Animation');
insert into Show (idShow, name, usualAirtime, network, rating, genre) values (20, 'Armstrong-Wiza', '6:12 AM', 'Mita', 1.8, 'Drama');
insert into Season (idSeason, nSeason, idShow) values (1, 4, 18);
insert into Season (idSeason, nSeason, idShow) values (2, 2, 6);
insert into Season (idSeason, nSeason, idShow) values (3, 4, 14);
insert into Season (idSeason, nSeason, idShow) values (4, 2, 20);
insert into Season (idSeason, nSeason, idShow) values (5, 1, 6);
insert into Season (idSeason, nSeason, idShow) values (6, 2, 7);
insert into Season (idSeason, nSeason, idShow) values (7, 1, 8);
insert into Season (idSeason, nSeason, idShow) values (8, 1, 17);
insert into Season (idSeason, nSeason, idShow) values (9, 2, 7);
insert into Season (idSeason, nSeason, idShow) values (10, 1, 20);
insert into Season (idSeason, nSeason, idShow) values (11, 3, 7);
insert into Season (idSeason, nSeason, idShow) values (12, 1, 8);
insert into Season (idSeason, nSeason, idShow) values (13, 4, 2);
insert into Season (idSeason, nSeason, idShow) values (14, 4, 11);
insert into Season (idSeason, nSeason, idShow) values (15, 5, 9);
insert into Season (idSeason, nSeason, idShow) values (16, 3, 8);
insert into Season (idSeason, nSeason, idShow) values (17, 3, 7);
insert into Season (idSeason, nSeason, idShow) values (18, 3, 4);
insert into Season (idSeason, nSeason, idShow) values (19, 3, 4);
insert into Season (idSeason, nSeason, idShow) values (20, 1, 19);
insert into Season (idSeason, nSeason, idShow) values (21, 1, 12);
insert into Season (idSeason, nSeason, idShow) values (22, 4, 3);
insert into Season (idSeason, nSeason, idShow) values (23, 3, 19);
insert into Season (idSeason, nSeason, idShow) values (24, 3, 5);
insert into Season (idSeason, nSeason, idShow) values (25, 5, 6);
insert into Season (idSeason, nSeason, idShow) values (26, 5, 12);
insert into Season (idSeason, nSeason, idShow) values (27, 2, 11);
insert into Season (idSeason, nSeason, idShow) values (28, 3, 18);
insert into Season (idSeason, nSeason, idShow) values (29, 5, 5);
insert into Season (idSeason, nSeason, idShow) values (30, 5, 18);
insert into Season (idSeason, nSeason, idShow) values (31, 3, 18);
insert into Season (idSeason, nSeason, idShow) values (32, 5, 20);
insert into Season (idSeason, nSeason, idShow) values (33, 5, 3);
insert into Season (idSeason, nSeason, idShow) values (34, 4, 7);
insert into Season (idSeason, nSeason, idShow) values (35, 2, 1);
insert into Season (idSeason, nSeason, idShow) values (36, 1, 9);
insert into Season (idSeason, nSeason, idShow) values (37, 2, 6);
insert into Season (idSeason, nSeason, idShow) values (38, 5, 20);
insert into Season (idSeason, nSeason, idShow) values (39, 3, 2);
insert into Season (idSeason, nSeason, idShow) values (40, 5, 9);
insert into Character (idCharacter, characterName, idActor, idShow) values (1, 'Victor Jordan', 4, 9);
insert into Character (idCharacter, characterName, idActor, idShow) values (2, 'Patrick Tucker', 9, 14);
insert into Character (idCharacter, characterName, idActor, idShow) values (3, 'Aaron Ward', 11, 3);
insert into Character (idCharacter, characterName, idActor, idShow) values (4, 'Marie Woods', 17, 2);
insert into Character (idCharacter, characterName, idActor, idShow) values (5, 'Stephanie Diaz', 19, 12);
insert into Character (idCharacter, characterName, idActor, idShow) values (6, 'Daniel Fuller', 15, 13);
insert into Character (idCharacter, characterName, idActor, idShow) values (7, 'Michael Burns', 20, 11);
insert into Character (idCharacter, characterName, idActor, idShow) values (8, 'Joe Burton', 11, 20);
insert into Character (idCharacter, characterName, idActor, idShow) values (9, 'Kelly Riley', 12, 12);
insert into Character (idCharacter, characterName, idActor, idShow) values (10, 'William Nelson', 4, 3);
insert into Character (idCharacter, characterName, idActor, idShow) values (11, 'Lisa Gonzales', 14, 5);
insert into Character (idCharacter, characterName, idActor, idShow) values (12, 'Marilyn Jackson', 8, 5);
insert into Character (idCharacter, characterName, idActor, idShow) values (13, 'Rebecca Rice', 18, 7);
insert into Character (idCharacter, characterName, idActor, idShow) values (14, 'Lillian Woods', 4, 16);
insert into Character (idCharacter, characterName, idActor, idShow) values (15, 'Laura Schmidt', 5, 9);
insert into Character (idCharacter, characterName, idActor, idShow) values (16, 'Timothy Dunn', 15, 15);
insert into Character (idCharacter, characterName, idActor, idShow) values (17, 'Aaron George', 1, 10);
insert into Character (idCharacter, characterName, idActor, idShow) values (18, 'Clarence Hill', 16, 12);
insert into Character (idCharacter, characterName, idActor, idShow) values (19, 'Michelle Davis', 4, 20);
insert into Character (idCharacter, characterName, idActor, idShow) values (20, 'Steve Freeman', 15, 20);
insert into User (idUser, username, birthday, gender, userType) values (1, 'jthompson0', '23/06/2010', 'Female', 1);
insert into User (idUser, username, birthday, gender, userType) values (2, 'jdean1', '15/11/1967', 'Male', 0);
insert into User (idUser, username, birthday, gender, userType) values (3, 'lwoods2', '28/01/1975', 'Female', 1);
insert into User (idUser, username, birthday, gender, userType) values (4, 'jhenderson3', '27/03/2005', 'Female', 1);
insert into User (idUser, username, birthday, gender, userType) values (5, 'kburns4', '22/05/1942', 'Female', 1);
insert into User (idUser, username, birthday, gender, userType) values (6, 'jpowell5', '28/01/1971', 'Female', 0);
insert into User (idUser, username, birthday, gender, userType) values (7, 'wferguson6', '07/12/2012', 'Male', 0);
insert into User (idUser, username, birthday, gender, userType) values (8, 'spalmer7', '21/09/1952', 'Female', 0);
insert into User (idUser, username, birthday, gender, userType) values (9, 'dpierce8', '09/04/1940', 'Male', 0);
insert into User (idUser, username, birthday, gender, userType) values (10, 'rmcdonald9', '29/04/1986', 'Male', 1);
insert into User (idUser, username, birthday, gender, userType) values (11, 'ecarpentera', '11/03/1948', 'Male', 1);
insert into User (idUser, username, birthday, gender, userType) values (12, 'nfernandezb', '02/11/1949', 'Male', 1);
insert into User (idUser, username, birthday, gender, userType) values (13, 'lsanchezc', '29/07/1955', 'Male', 1);
insert into User (idUser, username, birthday, gender, userType) values (14, 'dharperd', '06/06/1954', 'Female', 0);
insert into User (idUser, username, birthday, gender, userType) values (15, 'psimse', '06/04/1970', 'Male', 0);
insert into User (idUser, username, birthday, gender, userType) values (16, 'wpetersf', '18/12/2005', 'Male', 0);
insert into User (idUser, username, birthday, gender, userType) values (17, 'wjacksong', '24/12/1954', 'Male', 0);
insert into User (idUser, username, birthday, gender, userType) values (18, 'wmedinah', '26/11/1971', 'Female', 0);
insert into User (idUser, username, birthday, gender, userType) values (19, 'pwebbi', '21/08/2006', 'Female', 1);
insert into User (idUser, username, birthday, gender, userType) values (20, 'tfreemanj', '21/10/1957', 'Female', 0);
insert into Episode (idEpisode, epNumber, releaseDate, idSeason, idShow) values (1, 4, '19/4/2001', 12, 14);
insert into Episode (idEpisode, epNumber, releaseDate, idSeason, idShow) values (2, 50, '19/8/2011', 2, 4);
insert into Episode (idEpisode, epNumber, releaseDate, idSeason, idShow) values (3, 39, '1/3/2002', 19, 13);
insert into Episode (idEpisode, epNumber, releaseDate, idSeason, idShow) values (4, 38, '28/9/2019', 7, 9);
insert into Episode (idEpisode, epNumber, releaseDate, idSeason, idShow) values (5, 18, '29/9/2007', 14, 7);
insert into Episode (idEpisode, epNumber, releaseDate, idSeason, idShow) values (6, 11, '27/3/2021', 10, 5);
insert into Episode (idEpisode, epNumber, releaseDate, idSeason, idShow) values (7, 23, '24/1/2015', 12, 16);
insert into Episode (idEpisode, epNumber, releaseDate, idSeason, idShow) values (8, 15, '25/4/2015', 19, 16);
insert into Episode (idEpisode, epNumber, releaseDate, idSeason, idShow) values (9, 31, '19/10/2002', 18, 15);
insert into Episode (idEpisode, epNumber, releaseDate, idSeason, idShow) values (10, 39, '7/5/2012', 3, 17);
insert into Episode (idEpisode, epNumber, releaseDate, idSeason, idShow) values (11, 10, '4/10/2008', 5, 3);
insert into Episode (idEpisode, epNumber, releaseDate, idSeason, idShow) values (12, 18, '1/5/2006', 7, 1);
insert into Episode (idEpisode, epNumber, releaseDate, idSeason, idShow) values (13, 11, '12/11/2012', 7, 15);
insert into Episode (idEpisode, epNumber, releaseDate, idSeason, idShow) values (14, 5, '12/2/2001', 5, 13);
insert into Episode (idEpisode, epNumber, releaseDate, idSeason, idShow) values (15, 44, '11/7/2011', 2, 1);
insert into Episode (idEpisode, epNumber, releaseDate, idSeason, idShow) values (16, 26, '24/8/2011', 2, 12);
insert into Episode (idEpisode, epNumber, releaseDate, idSeason, idShow) values (17, 21, '4/5/2016', 10, 6);
insert into Episode (idEpisode, epNumber, releaseDate, idSeason, idShow) values (18, 34, '6/12/2009', 13, 5);
insert into Episode (idEpisode, epNumber, releaseDate, idSeason, idShow) values (19, 15, '29/4/2016', 7, 6);
insert into Episode (idEpisode, epNumber, releaseDate, idSeason, idShow) values (20, 20, '28/1/2025', 16, 3);
insert into Message (idMessage, content, msgDate, idUser1, idUser2) values (1, 'hey man', '1/4/2014', 7, 15);
insert into Message (idMessage, content, msgDate, idUser1, idUser2) values (2, 'oh boy oh boy', '16/5/2015', 3, 15);
insert into Message (idMessage, content, msgDate, idUser1, idUser2) values (3, 'what up?', '28/1/2021', 8, 15);
insert into Message (idMessage, content, msgDate, idUser1, idUser2) values (4, 'hey vsauce', '27/11/2000', 17, 8);
insert into Message (idMessage, content, msgDate, idUser1, idUser2) values (5, 'michael here', '3/4/2016', 7, 18);
insert into Message (idMessage, content, msgDate, idUser1, idUser2) values (6, 'Hello!', '13/11/2025', 2, 11);
insert into Message (idMessage, content, msgDate, idUser1, idUser2) values (7, 'Have you seen the latest episode?', '25/10/2001', 18, 2);
insert into Message (idMessage, content, msgDate, idUser1, idUser2) values (8, 'wow amazing!', '6/7/2002', 11, 14);
insert into Message (idMessage, content, msgDate, idUser1, idUser2) values (9, 'Where do you watch series?', '12/10/2000', 14, 13);
insert into Message (idMessage, content, msgDate, idUser1, idUser2) values (10, 'me me big boy', '15/5/2006', 5, 11);
insert into Message (idMessage, content, msgDate, idUser1, idUser2) values (11, 'What did you think?', '8/10/2002', 9, 1);
insert into Message (idMessage, content, msgDate, idUser1, idUser2) values (12, 'found this new show', '3/3/2014', 15, 5);
insert into Message (idMessage, content, msgDate, idUser1, idUser2) values (13, 'Nice comment', '21/10/2010', 3, 14);
insert into Message (idMessage, content, msgDate, idUser1, idUser2) values (14, ':D', '30/10/2007', 9, 19);
insert into Message (idMessage, content, msgDate, idUser1, idUser2) values (15, 'Nice!!!!', '19/7/2012', 10, 5);
insert into Message (idMessage, content, msgDate, idUser1, idUser2) values (16, 'Bloody good day to you', '2/6/2010', 13, 3);
insert into Message (idMessage, content, msgDate, idUser1, idUser2) values (17, 'hey hey hey', '1/10/2010', 1, 18);
insert into Message (idMessage, content, msgDate, idUser1, idUser2) values (18, 'well hello there', '5/1/2000', 14, 7);
insert into Message (idMessage, content, msgDate, idUser1, idUser2) values (19, 'that was a sad episode', '7/8/2009', 15, 11);
insert into Message (idMessage, content, msgDate, idUser1, idUser2) values (20, 'yup I agree :(', '22/10/2002', 14, 13);
insert into Comment (idComment, content, cmtDate, idUser, idEpisode) values (1, 'Digitized system-worthy intranet', '12/2/2002', 17, 10);
insert into Comment (idComment, content, cmtDate, idUser, idEpisode) values (2, 'Horizontal client-driven pricing structure', '7/9/2009', 15, 19);
insert into Comment (idComment, content, cmtDate, idUser, idEpisode) values (3, 'Advanced user-facing open architecture', '2/2/2017', 18, 2);
insert into Comment (idComment, content, cmtDate, idUser, idEpisode) values (4, 'Configurable asynchronous frame', '13/2/2010', 9, 2);
insert into Comment (idComment, content, cmtDate, idUser, idEpisode) values (5, 'Multi-tiered transitional local area network', '6/8/2000', 15, 9);
insert into Comment (idComment, content, cmtDate, idUser, idEpisode) values (6, 'Implemented modular infrastructure', '16/6/2003', 10, 6);
insert into Comment (idComment, content, cmtDate, idUser, idEpisode) values (7, 'User-centric next generation functionalities', '24/9/2015', 11, 9);
insert into Comment (idComment, content, cmtDate, idUser, idEpisode) values (8, 'Re-engineered methodical approach', '13/4/2020', 9, 18);
insert into Comment (idComment, content, cmtDate, idUser, idEpisode) values (9, 'Stand-alone zero defect matrices', '17/4/2008', 18, 3);
insert into Comment (idComment, content, cmtDate, idUser, idEpisode) values (10, 'Cloned content-based artificial intelligence', '5/2/2005', 9, 18);
insert into Comment (idComment, content, cmtDate, idUser, idEpisode) values (11, 'Function-based leading edge infrastructure', '1/1/2010', 4, 13);
insert into Comment (idComment, content, cmtDate, idUser, idEpisode) values (12, 'Multi-layered didactic info-mediaries', '7/5/2016', 14, 7);
insert into Comment (idComment, content, cmtDate, idUser, idEpisode) values (13, 'Grass-roots next generation initiative', '15/12/2002', 19, 13);
insert into Comment (idComment, content, cmtDate, idUser, idEpisode) values (14, 'Synergized human-resource interface', '28/3/2011', 7, 4);
insert into Comment (idComment, content, cmtDate, idUser, idEpisode) values (15, 'Open-architected bandwidth-monitored project', '18/12/2004', 4, 18);
insert into Comment (idComment, content, cmtDate, idUser, idEpisode) values (16, 'Up-sized full-range interface', '30/3/2001', 10, 5);
insert into Comment (idComment, content, cmtDate, idUser, idEpisode) values (17, 'Down-sized zero administration migration', '31/10/2006', 2, 20);
insert into Comment (idComment, content, cmtDate, idUser, idEpisode) values (18, 'Re-engineered content-based array', '29/1/2005', 3, 7);
insert into Comment (idComment, content, cmtDate, idUser, idEpisode) values (19, 'Re-engineered 24 hour leverage', '8/10/2004', 15, 5);
insert into Comment (idComment, content, cmtDate, idUser, idEpisode) values (20, 'Synergized dynamic toolset', '24/3/2002', 2, 3);
insert into Watched (toWatch, upcoming, idEpisode, idUser) values (0, 0, 20, 12);
insert into Watched (toWatch, upcoming, idEpisode, idUser) values (0, 0, 8, 6);
insert into Watched (toWatch, upcoming, idEpisode, idUser) values (0, 0, 12, 14);
insert into Watched (toWatch, upcoming, idEpisode, idUser) values (1, 1, 5, 15);
insert into Watched (toWatch, upcoming, idEpisode, idUser) values (1, 1, 3, 5);
insert into Watched (toWatch, upcoming, idEpisode, idUser) values (1, 0, 20, 17);
insert into Watched (toWatch, upcoming, idEpisode, idUser) values (1, 1, 9, 11);
insert into Watched (toWatch, upcoming, idEpisode, idUser) values (0, 0, 17, 5);
insert into Watched (toWatch, upcoming, idEpisode, idUser) values (1, 0, 11, 14);
insert into Watched (toWatch, upcoming, idEpisode, idUser) values (0, 1, 12, 13);
insert into Watched (toWatch, upcoming, idEpisode, idUser) values (1, 0, 11, 10);
insert into Watched (toWatch, upcoming, idEpisode, idUser) values (1, 0, 15, 3);
insert into Watched (toWatch, upcoming, idEpisode, idUser) values (1, 0, 16, 3);
insert into Watched (toWatch, upcoming, idEpisode, idUser) values (1, 0, 4, 13);
insert into Watched (toWatch, upcoming, idEpisode, idUser) values (1, 1, 1, 18);
insert into Watched (toWatch, upcoming, idEpisode, idUser) values (1, 0, 13, 18);
insert into Watched (toWatch, upcoming, idEpisode, idUser) values (0, 1, 3, 17);
insert into Watched (toWatch, upcoming, idEpisode, idUser) values (0, 0, 17, 6);
insert into Watched (toWatch, upcoming, idEpisode, idUser) values (0, 0, 11, 19);
insert into Watched (toWatch, upcoming, idEpisode, idUser) values (0, 0, 15, 1);
insert into Country (name) values ('Russia');
insert into Country (name) values ('Portugal');
insert into Country (name) values ('Thailand');
insert into Country (name) values ('Indonesia');
insert into Country (name) values ('Guatemala');
insert into Country (name) values ('Sweden');
insert into Country (name) values ('Nigeria');
insert into Country (name) values ('Spain');
insert into Country (name) values ('France');
insert into Country (name) values ('China');
insert into Country (name) values ('Cyprus');
insert into Country (name) values ('Greece');
insert into Country (name) values ('Costa Rica');
insert into Country (name) values ('Iran');
insert into Country (name) values ('Colombia');
insert into Country (name) values ('Canada');
insert into Country (name) values ('Philippines');
insert into Country (name) values ('Puerto Rico');
insert into Country (name) values ('Angola');
insert into Country (name) values ('Poland');
